{
  "alias_to_canonical": {
    "Abilene Christian": "Abil Christian",
    "Abilene Christian Wildcats": "Abil Christian",
    "Adams State Grizzlies": "Adams State",
    "Air Force Falcons": "Air Force",
    "Akron Zips": "Akron",
    "Alabama A&M": "Alabama A%26M",
    "Alabama A&M Bulldogs": "Alabama A%26M",
    "Alabama State Hornets": "Alabama State",
    "Alcorn State Braves": "Alcorn State",
    "American University Eagles": "American University",
    "Angelo State Rams": "Angelo State",
    "App State Mountaineers": "Appalachian St",
    "Appalachian State": "Appalachian St",
    "Apprentice School Builders": "Apprentice School",
    "Arizona State Sun Devils": "Arizona State",
    "Arizona Wildcats": "Arizona",
    "Arkansas Baptist Buffaloes": "Arkansas Baptist",
    "Arkansas Razorbacks": "Arkansas",
    "Arkansas State Red Wolves": "Arkansas State",
    "Arkansas-Pine Bluff Golden": "AR-Pine Bluff",
    "Arlington Baptist Patriots": "Arlington Baptist",
    "Army Black": "Army",
    "Auburn Tigers": "Auburn",
    "Averett Cougars": "Averett",
    "Ball State Cardinals": "Ball State",
    "Baylor Bears": "Baylor",
    "Bellarmine Knights": "Bellarmine",
    "Belmont Abbey Crusaders": "Belmont Abbey",
    "Belmont Bruins": "Belmont",
    "Berea Mountaineers": "Berea",
    "Bethany (WV)": "Bethany (WV) Bison",
    "Bethesda": "Bethesda University",
    "Bethesda University Flames": "Bethesda University",
    "Bethune-Cookman Wildcats": "Bethune-Cookman",
    "Binghamton Bearcats": "Binghamton",
    "Bluefield University Ramblin' Rams": "Bluefield University",
    "Bob Jones Bruins": "Bob Jones",
    "Boise State Broncos": "Boise State",
    "Boston College Eagles": "Boston College",
    "Boston University Terriers": "Boston University",
    "Bowling Green Falcons": "Bowling Green",
    "Boyce Bulldogs": "Boyce",
    "Bradley Braves": "Bradley",
    "Brown Bears": "Brown",
    "Bryant Bulldogs": "Bryant",
    "Bucknell Bison": "Bucknell",
    "Buffalo Bulls": "Buffalo",
    "Butler Bulldogs": "Butler",
    "Cal Poly Mustangs": "Cal Poly",
    "Cal State Bakersfield Roadrunners": "Cal State Bakersfield",
    "Cal State Fullerton Titans": "Cal State Fullerton",
    "Cal State Northridge Matadors": "Cal State Northridge",
    "California": "Cal",
    "California Baptist Lancers": "California Baptist",
    "California Golden Bears": "Cal",
    "Campbell Fighting": "Campbell",
    "Capital Crusaders": "Capital",
    "Carolina University Bruins": "Carolina University",
    "Central Arkansas": "Cent Arkansas",
    "Central Arkansas Bears": "Cent Arkansas",
    "Central Connecticut Blue Devils": "Central Connecticut",
    "Central Michigan": "Cent Michigan",
    "Central Michigan Chippewas": "Cent Michigan",
    "Central Penn Knights": "Central Penn",
    "Champion Christian Tigers": "Champion Christian",
    "Charleston Cougars": "Charleston",
    "Charleston Southern": "Charleston So",
    "Charleston Southern Buccaneers": "Charleston So",
    "Charlotte 49ers": "Charlotte",
    "Chicago State Cougars": "Chicago State",
    "Cincinnati Bearcats": "Cincinnati",
    "Cincinnati Clermont Cougars": "Cincinnati Clermont",
    "Cleary University Cougars": "Cleary University",
    "Clemson Tigers": "Clemson",
    "Cleveland State Vikings": "Cleveland State",
    "Coastal Carolina": "C. Carolina",
    "Coastal Carolina Chanticleers": "C. Carolina",
    "Colgate Raiders": "Colgate",
    "College Of Biblical Studies Ambassadors": "College Of Biblical Studies",
    "Colorado Buffaloes": "Colorado",
    "Colorado Christian Cougars": "Colorado Christian",
    "Colorado College Tigers": "Colorado College",
    "Colorado State Rams": "Colorado State",
    "Columbia International Rams": "Columbia International",
    "Columbia Lions": "Columbia",
    "Connecticut": "UConn",
    "Coppin State Eagles": "Coppin State",
    "Cornell Big": "Cornell",
    "Creighton Bluejays": "Creighton",
    "Dallas Christian Crusaders": "Dallas Christian",
    "Dallas Crusaders": "Dallas",
    "Davidson Wildcats": "Davidson",
    "Dayton Flyers": "Dayton",
    "DePaul Blue": "DePaul Blue Demons",
    "Defiance Yellow Jackets": "Defiance",
    "Delaware State Hornets": "Delaware State",
    "Detroit Mercy Titans": "Detroit Mercy",
    "Dixie State": "Utah Tech",
    "Drake Bulldogs": "Drake",
    "Drexel Dragons": "Drexel",
    "Duke Blue Devils": "Duke",
    "Duquesne Dukes": "Duquesne",
    "East Carolina": "ECU",
    "East Carolina Pirates": "ECU",
    "East Tennessee State": "ETSU",
    "East Tennessee State Buccaneers": "ETSU",
    "East Texas A&M Lions": "East Texas A&M",
    "Eastern Illinois": "E Illinois",
    "Eastern Illinois Panthers": "E Illinois",
    "Eastern Kentucky": "E Kentucky",
    "Eastern Michigan": "E Michigan",
    "Eastern Michigan Eagles": "E Michigan",
    "Eastern Oregon Mountaineers": "Eastern Oregon",
    "Eastern Washington": "E Washington",
    "Eastern Washington Eagles": "E Washington",
    "Ecclesia Royals": "Ecclesia",
    "Elizabeth City State Vikings": "Elizabeth City State",
    "Elon Phoenix": "Elon",
    "Eureka Red": "Eureka",
    "Evangel Crusaders": "Evangel",
    "Fairfield Stags": "Fairfield",
    "Fairleigh Dickinson": "Fair Dickinson",
    "Fairleigh Dickinson Knights": "Fair Dickinson",
    "Farmingdale State Rams": "Farmingdale State",
    "Fisk Bulldogs": "Fisk",
    "Florida A&M": "Florida A%26M",
    "Florida Atlantic": "FAU",
    "Florida Atlantic Owls": "FAU",
    "Florida Gators": "Florida",
    "Florida Gulf Coast": "FGCU",
    "Florida Gulf Coast Eagles": "FGCU",
    "Florida International": "FIU",
    "Florida International Panthers": "FIU",
    "Florida State Seminoles": "Florida State",
    "Fordham Rams": "Fordham",
    "Fort Lauderdale Eagles": "Fort Lauderdale",
    "Fort Valley State Wildcats": "Fort Valley State",
    "Franklin Grizzlies": "Franklin",
    "Fresno State Bulldogs": "Fresno State",
    "Furman Paladins": "Furman",
    "Gardner-Webb Runnin'": "Gardner-Webb Runnin' Bulldogs",
    "George Mason Patriots": "George Mason",
    "George Washington": "G Washington",
    "George Washington Revolutionaries": "G Washington",
    "Georgia Bulldogs": "Georgia",
    "Georgia Southern": "Ga Southern",
    "Georgia Southern Eagles": "Ga Southern",
    "Georgia State Panthers": "Georgia State",
    "Georgia Tech Yellow Jackets": "Georgia Tech",
    "Georgian Court Lions": "Georgian Court",
    "Gonzaga Bulldogs": "Gonzaga",
    "Green Bay Phoenix": "Green Bay",
    "Hampton Pirates": "Hampton",
    "Hanover Panthers": "Hanover",
    "Harvard Crimson": "Harvard",
    "Haskell Jayhawks": "Haskell",
    "Hawai'i Pacific Sea Warriors": "Hawai'i Pacific Sea",
    "Hawai'i Rainbow": "Hawai'i Rainbow Warriors",
    "High Point Panthers": "High Point",
    "Holy Cross Crusaders": "Holy Cross",
    "Houston Christian Huskies": "Houston Christian",
    "Houston Cougars": "Houston",
    "Howard Bison": "Howard",
    "Huston-Tillotson Rams": "Huston-Tillotson",
    "IU Indianapolis Jaguars": "IU Indianapolis",
    "Idaho Vandals": "Idaho",
    "Illinois Fighting": "Illinois",
    "Illinois State Redbirds": "Illinois State",
    "Incarnate Word Cardinals": "Incarnate Word",
    "Indiana Hoosiers": "Indiana",
    "Indiana State Sycamores": "Indiana State",
    "Iona Gaels": "Iona",
    "Iowa Hawkeyes": "Iowa",
    "Iowa State Cyclones": "Iowa State",
    "Jackson State Tigers": "Jackson State",
    "Jacksonville Dolphins": "Jacksonville",
    "Jacksonville State": "Jacksonville St",
    "Jacksonville State Gamecocks": "Jacksonville St",
    "James Madison": "JMU",
    "James Madison Dukes": "JMU",
    "Jarvis Christian Bulldogs": "Jarvis Christian",
    "Jessup University Warriors": "Jessup University",
    "John Brown Golden Eagles": "John Brown",
    "Justice College": "Justice College Lions",
    "Kansas Jayhawks": "Kansas",
    "Kansas State Wildcats": "Kansas State",
    "Kean Cougars": "Kean",
    "Kennesaw State Owls": "Kennesaw State",
    "Kentucky Christian Knights": "Kentucky Christian",
    "Kentucky Wildcats": "Kentucky",
    "LSU Tigers": "LSU",
    "La Salle Explorers": "La Salle",
    "La Sierra Golden Eagles": "La Sierra",
    "La Verne Leopards": "La Verne",
    "LaGrange Panthers": "LaGrange",
    "Lafayette Leopards": "Lafayette",
    "Lamar Cardinals": "Lamar",
    "Lane College Dragons": "Lane College",
    "Le Moyne Dolphins": "Le Moyne",
    "LeTourneau Yellow Jackets": "LeTourneau",
    "Lehigh Mountain": "Lehigh Mountain Hawks",
    "Liberty Flames": "Liberty",
    "Life Pacific Warriors": "Life Pacific",
    "Lindenwood Lions": "Lindenwood",
    "Lipscomb Bisons": "Lipscomb",
    "Little Rock Trojans": "Little Rock",
    "Long Island University Sharks": "Long Island University",
    "Longwood Lancers": "Longwood",
    "Louisiana Tech": "LA Tech",
    "Louisiana Tech Bulldogs": "LA Tech",
    "Louisville Cardinals": "Louisville",
    "Loyola (MD)": "Loyola Maryland",
    "Loyola Chicago Ramblers": "Loyola Chicago",
    "Loyola MD": "Loyola Maryland",
    "Loyola Maryland Greyhounds": "Loyola Maryland",
    "Loyola Marymount": "Loyola Mary",
    "Loyola Marymount Lions": "Loyola Mary",
    "Loyola-Chicago": "Loyola Chicago",
    "Lynchburg Hornets": "Lynchburg",
    "Maine Black": "Maine",
    "Manhattan Jaspers": "Manhattan",
    "Mansfield Mountaineers": "Mansfield",
    "Marquette Golden Eagles": "Marquette",
    "Marshall Thundering Herd": "Marshall",
    "Maryland Eastern Shore": "Maryland-Eastern Shore",
    "Maryland Eastern Shore Hawks": "Maryland-Eastern Shore",
    "Maryland Terrapins": "Maryland",
    "Massachusetts": "UMass",
    "Massachusetts College": "UMass",
    "Massachusetts Minutemen": "UMass",
    "Massachusetts-Boston": "UMass",
    "McKendree Bearcats": "McKendree",
    "McNeese": "McNeese Cowboys",
    "Memphis Tigers": "Memphis",
    "Mercer Bears": "Mercer",
    "Mercyhurst Lakers": "Mercyhurst",
    "Merrimack Warriors": "Merrimack",
    "Miami (FL)": "Miami",
    "Miami (OH) RedHawks": "Miami (OH)",
    "Miami Hurricanes": "Miami",
    "Michigan State Spartans": "Michigan State",
    "Michigan Wolverines": "Michigan",
    "Mid-Atlantic Christian Mustangs": "Mid-Atlantic Christian",
    "Middle Tennessee": "Mid Tennessee",
    "Middle Tennessee Blue Raiders": "Mid Tennessee",
    "Midway University Eagles": "Midway University",
    "Milligan Buffaloes": "Milligan",
    "Milwaukee Panthers": "Milwaukee",
    "Minnesota Golden Gophers": "Minnesota",
    "Misericordia Cougars": "Misericordia",
    "Mississippi State": "Miss St",
    "Mississippi State Bulldogs": "Miss St",
    "Mississippi University For Women Owls": "Mississippi University For Women",
    "Mississippi Valley State Delta Devils": "Mississippi Valley State",
    "Missouri Southern State Lions": "Missouri Southern State",
    "Missouri State Bears": "Missouri State",
    "Missouri Tigers": "Missouri",
    "Molloy Lions": "Molloy",
    "Monmouth Hawks": "Monmouth",
    "Montana Grizzlies": "Montana",
    "Montana State Bobcats": "Montana State",
    "Morehead State Eagles": "Morehead State",
    "Morgan State Bears": "Morgan State",
    "Mount Olive Trojans": "Mount Olive",
    "Mount St. Mary's Mountaineers": "Mount St. Mary's",
    "Murray State Racers": "Murray State",
    "NC State Wolfpack": "NC State",
    "NJIT Highlanders": "NJIT",
    "Navy Midshipmen": "Navy",
    "New Hampshire Wildcats": "New Hampshire",
    "New Mexico Highlands Cowboys": "New Mexico Highlands",
    "New Mexico Lobos": "New Mexico",
    "New Mexico State": "New Mexico St",
    "New Mexico State Aggies": "New Mexico St",
    "New Orleans Privateers": "New Orleans",
    "Niagara Purple": "Niagara Purple Eagles",
    "Nicholls Colonels": "Nicholls",
    "Nicholls State": "Nicholls",
    "Nobel Knights": "Nobel",
    "Norfolk State Spartans": "Norfolk State",
    "North Alabama Lions": "North Alabama",
    "North Carolina A&T Aggies": "North Carolina A&T",
    "North Carolina Central Eagles": "North Carolina Central",
    "North Carolina Tar Heels": "North Carolina",
    "North Dakota Fighting": "North Dakota",
    "North Dakota State": "North Dakota St",
    "North Dakota State Bison": "North Dakota St",
    "North Greenville Crusaders": "North Greenville",
    "North Texas Mean Green": "North Texas",
    "Northeastern Huskies": "Northeastern",
    "Northern Arizona Lumberjacks": "Northern Arizona",
    "Northern Colorado Bears": "Northern Colorado",
    "Northern Illinois Huskies": "Northern Illinois",
    "Northern Iowa Panthers": "Northern Iowa",
    "Northwest Indian RedHawks": "Northwest Indian",
    "Northwestern State Demons": "Northwestern State",
    "Northwestern Wildcats": "Northwestern",
    "Notre Dame Fighting Irish": "Notre Dame",
    "Oakland Golden Grizzlies": "Oakland",
    "Oakwood Ambassadors": "Oakwood",
    "Occidental Tigers": "Occidental",
    "Ohio Bobcats": "Ohio",
    "Ohio Christian Trailblazers": "Ohio Christian",
    "Ohio State Buckeyes": "Ohio State",
    "Oklahoma Sooners": "Oklahoma",
    "Oklahoma State Cowboys": "Oklahoma State",
    "Old Dominion Monarchs": "Old Dominion",
    "Ole Miss Rebels": "Ole Miss",
    "Omaha Mavericks": "Omaha",
    "Oral Roberts Golden Eagles": "Oral Roberts",
    "Oregon State Beavers": "Oregon State",
    "Ottawa (AZ) Spirit": "Ottawa University Arizona",
    "Ozark Christian Ambassadors": "Ozark Christian",
    "Pacific Lutheran Lutes": "Pacific Lutheran",
    "Pacific Tigers": "Pacific",
    "Paine Lions": "Paine",
    "Park University Gilbert Buccaneers": "Park University Gilbert",
    "Penn State Nittany Lions": "Penn State",
    "Penn State-New Kensington Lions": "Penn State-New Kensington",
    "Penn State-Shenango Nittany Lions": "Penn State-Shenango",
    "Penn State-York Nittany Lions": "Penn State-York",
    "Pennsylvania Quakers": "Pennsylvania",
    "Pepperdine Waves": "Pepperdine",
    "Pittsburgh - Greensburg Bobcats": "Pittsburgh - Greensburg",
    "Pittsburgh Panthers": "Pittsburgh",
    "Plattsburgh St Cardinals": "Plattsburgh St",
    "Point University Skyhawks": "Point University",
    "Portland Pilots": "Portland",
    "Portland State Vikings": "Portland State",
    "Prairie View A&M Panthers": "Prairie View A&M",
    "Presbyterian Blue Hose": "Presbyterian",
    "Princeton Tigers": "Princeton",
    "Providence Friars": "Providence",
    "Purdue Boilermakers": "Purdue",
    "Purdue Fort Wayne": "Fort Wayne",
    "Purdue Fort Wayne Mastodons": "Fort Wayne",
    "Queens University Royals": "Queens University",
    "Quinnipiac Bobcats": "Quinnipiac",
    "Radford Highlanders": "Radford",
    "Randolph College Wildcats": "Randolph College",
    "Regent Royals": "Regent",
    "Reinhardt Eagles": "Reinhardt",
    "Rhode Island Rams": "Rhode Island",
    "Rice Owls": "Rice",
    "Richmond Spiders": "Richmond",
    "Rider Broncs": "Rider",
    "Rivier Raiders": "Rivier",
    "Robert Morris Colonials": "Robert Morris",
    "Rust Bearcats": "Rust",
    "Rutgers Scarlet Knights": "Rutgers",
    "SIU Edwardsville Cougars": "SIU Edwardsville",
    "SUNY Delhi Broncos": "SUNY Delhi",
    "SUNY-Maritime Privateers": "SUNY-Maritime",
    "Sacramento State Hornets": "Sacramento State",
    "Saint Francis": "Saint Francis Red Flash",
    "Saint Joseph's Hawks": "Saint Joseph's",
    "Saint Josephs Long Island Golden Eagles": "Saint Josephs Long Island",
    "Saint Louis Billikens": "Saint Louis",
    "Saint Mary's Gaels": "Saint Mary's",
    "Saint Peter's Peacocks": "Saint Peter's",
    "Sam Houston Bearkats": "Sam Houston",
    "Sam Houston State": "Sam Houston",
    "Samford Bulldogs": "Samford",
    "San Diego State Aztecs": "San Diego State",
    "San Francisco State Gators": "San Francisco State",
    "San Jose State": "San Jos\u00c3\u00a9 State",
    "San Jos\u00e9 State Spartans": "San Jos\u00c3\u00a9 State",
    "Santa Clara Broncos": "Santa Clara",
    "Seattle": "Seattle U",
    "Seton Hall Pirates": "Seton Hall",
    "South Alabama Jaguars": "South Alabama",
    "South Carolina State Bulldogs": "South Carolina State",
    "South Carolina Upstate Spartans": "South Carolina Upstate",
    "South Dakota Coyotes": "South Dakota",
    "South Florida Bulls": "South Florida",
    "Southeast Missouri State Redhawks": "Southeast Missouri State",
    "Southern Illinois Salukis": "Southern Illinois",
    "Southern Indiana Screaming Eagles": "Southern Indiana",
    "Southern Jaguars": "Southern",
    "Southern Miss Golden Eagles": "Southern Miss",
    "Southern Virginia Knights": "Southern Virginia",
    "Southern-New Orleans Knights": "Southern-New Orleans",
    "Southwestern Adventist Knights": "Southwestern Adventist",
    "Southwestern Christian Eagles": "Southwestern Christian",
    "Spring Hill Badgers": "Spring Hill",
    "St. Bonaventure Bonnies": "St. Bonaventure",
    "St. John's": "St. John's Red Storm",
    "Stephen F. Austin Lumberjacks": "Stephen F. Austin",
    "Stetson Hatters": "Stetson",
    "Stonehill Skyhawks": "Stonehill",
    "Stony Brook Seawolves": "Stony Brook",
    "Tarleton State": "Tarleton",
    "Tarleton State Texans": "Tarleton",
    "Temple Owls": "Temple",
    "Tennessee State Tigers": "Tennessee State",
    "Tennessee Tech Golden Eagles": "Tennessee Tech",
    "Tennessee Volunteers": "Tennessee",
    "Texas A%26M": "Texas A&M",
    "Texas A%26M-CC": "Texas A&M-Corpus Christi",
    "Texas A%26M-Commerce": "Texas A&M-Commerce",
    "Texas A&M Aggies": "Texas A&M",
    "Texas A&M-CC": "Texas A&M-Corpus Christi",
    "Texas A&M-Corpus Christi Islanders": "Texas A&M-Corpus Christi",
    "Texas A&M-San Antonio Jaguars": "Texas A&M-San Antonio",
    "Texas Southern Tigers": "Texas Southern",
    "Texas State Bobcats": "Texas State",
    "Texas Tech Red Raiders": "Texas Tech",
    "Tiffin Dragons": "Tiffin",
    "Toccoa Falls Eagles": "Toccoa Falls",
    "Toledo Rockets": "Toledo",
    "Tougaloo Bulldogs": "Tougaloo",
    "Towson Tigers": "Towson",
    "Troy Trojans": "Troy",
    "UAB Blazers": "UAB",
    "UC Davis Aggies": "UC Davis",
    "UC Irvine Anteaters": "UC Irvine",
    "UC Riverside Highlanders": "UC Riverside",
    "UC Santa Barbara Gauchos": "UC Santa Barbara",
    "UCF Knights": "UCF",
    "UCLA Bruins": "UCLA",
    "UConn Huskies": "UConn",
    "UIC Flames": "UIC",
    "UMBC Retrievers": "UMBC",
    "UMass Lowell River": "UMass Lowell River Hawks",
    "UNC Asheville Bulldogs": "UNC Asheville",
    "UNC Greensboro Spartans": "UNC Greensboro",
    "UNLV Rebels": "UNLV",
    "UNT Dallas Trailblazers": "UNT Dallas",
    "USC Trojans": "USC",
    "UT Arlington Mavericks": "UT Arlington",
    "UT Martin Skyhawks": "UT Martin",
    "UT Permian Basin Falcons": "UT Permian Basin",
    "UTEP Miners": "UTEP",
    "UTSA Roadrunners": "UTSA",
    "Utah State Aggies": "Utah State",
    "Utah Tech Trailblazers": "Utah Tech",
    "Utah Utes": "Utah",
    "Utah Valley Wolverines": "Utah Valley",
    "VMI Keydets": "VMI",
    "Vanderbilt Commodores": "Vanderbilt",
    "Vermont Catamounts": "Vermont",
    "Vermont State - Johnson Badgers": "Vermont State - Johnson",
    "Villanova Wildcats": "Villanova",
    "Virginia Cavaliers": "Virginia",
    "Virginia Tech Hokies": "Virginia Tech",
    "Virginia-Lynchburg Dragons": "Virginia-Lynchburg",
    "Voorhees Tigers": "Voorhees",
    "Wake Forest Demon Deacons": "Wake Forest",
    "Washington Huskies": "Washington",
    "Washington State Cougars": "Washington State",
    "Washington and Lee Generals": "Washington and Lee",
    "Weber State Wildcats": "Weber State",
    "West Coast Baptist Eagles": "West Coast Baptist",
    "West Georgia Wolves": "West Georgia",
    "West Virginia Mountaineers": "West Virginia",
    "West Virginia Wesleyan Bobcats": "West Virginia Wesleyan",
    "Western Carolina Catamounts": "Western Carolina",
    "Western Illinois Leathernecks": "Western Illinois",
    "Western Kentucky Hilltoppers": "Western Kentucky",
    "Western Michigan Broncos": "Western Michigan",
    "Western New Mexico Mustangs": "Western New Mexico",
    "Wichita State Shockers": "Wichita State",
    "Willamette Bearcats": "Willamette",
    "William %26 Mary": "William & Mary",
    "William & Mary Tribe": "William & Mary",
    "William Carey Crusaders": "William Carey",
    "Winthrop Eagles": "Winthrop",
    "Wisconsin Badgers": "Wisconsin",
    "Wofford Terriers": "Wofford",
    "Wright State Raiders": "Wright State",
    "Wyoming Cowboys": "Wyoming",
    "Xavier Musketeers": "Xavier",
    "Yale Bulldogs": "Yale",
    "Youngstown State Penguins": "Youngstown State"
  },
  "auto_generated": true,
  "description": "ESPN team name aliases mapped to canonical database names",
  "total_aliases": 474
}